-- phpMyAdmin SQL Dump
-- version 5.0.2
-- https://www.phpmyadmin.net/
--
-- Host: 127.0.0.1
-- Generation Time: Oct 17, 2020 at 07:02 AM
-- Server version: 10.4.14-MariaDB
-- PHP Version: 7.4.9

SET SQL_MODE = "NO_AUTO_VALUE_ON_ZERO";
START TRANSACTION;
SET time_zone = "+00:00";


/*!40101 SET @OLD_CHARACTER_SET_CLIENT=@@CHARACTER_SET_CLIENT */;
/*!40101 SET @OLD_CHARACTER_SET_RESULTS=@@CHARACTER_SET_RESULTS */;
/*!40101 SET @OLD_COLLATION_CONNECTION=@@COLLATION_CONNECTION */;
/*!40101 SET NAMES utf8mb4 */;

--
-- Database: `php0520e_project`
--

-- --------------------------------------------------------

--
-- Table structure for table `categories`
--

CREATE TABLE `categories` (
  `id` int(11) NOT NULL,
  `name` varchar(255) NOT NULL COMMENT 'Tên danh mục',
  `type` tinyint(3) DEFAULT 0 COMMENT 'Loại danh mục: 0 - Product, 1 - News',
  `avatar` varchar(255) DEFAULT NULL COMMENT 'Tên file ảnh danh mục',
  `description` text DEFAULT NULL COMMENT 'Mô tả chi tiết cho danh mục',
  `status` tinyint(3) DEFAULT 0 COMMENT 'Trạng thái danh mục: 0 - Inactive, 1 - Active',
  `created_at` timestamp NOT NULL DEFAULT current_timestamp() COMMENT 'Ngày tạo danh mục',
  `updated_at` datetime DEFAULT NULL COMMENT 'Ngày cập nhật cuối'
) ENGINE=InnoDB DEFAULT CHARSET=utf8;

--
-- Dumping data for table `categories`
--

INSERT INTO `categories` (`id`, `name`, `type`, `avatar`, `description`, `status`, `created_at`, `updated_at`) VALUES
(1, 'Tivi', 0, '1599886216-tivi1.jpg', '<p>Sản phẩm tivi</p>\r\n', 1, '2020-09-12 04:50:16', '2020-09-12 18:23:24'),
(3, 'Sản phẩm 2', 0, '1599910200-tivi1.jpg', '<p>sadsa</p>\r\n', 0, '2020-09-12 11:30:00', NULL);

-- --------------------------------------------------------

--
-- Table structure for table `news`
--

CREATE TABLE `news` (
  `id` int(11) NOT NULL,
  `category_id` int(11) DEFAULT NULL COMMENT 'Id của danh mục mà tin tức thuộc về, là khóa ngoại liên kết với bảng categories',
  `title` varchar(255) NOT NULL COMMENT 'Tiêu đề tin tức',
  `summary` varchar(255) DEFAULT NULL COMMENT 'Mô tả ngắn cho tin tức',
  `avatar` varchar(255) DEFAULT NULL COMMENT 'Tên file ảnh tin tức',
  `content` text DEFAULT NULL COMMENT 'Mô tả chi tiết cho sản phẩm',
  `status` tinyint(3) DEFAULT 0 COMMENT 'Trạng thái danh mục: 0 - Inactive, 1 - Active',
  `seo_title` varchar(255) DEFAULT NULL COMMENT 'Từ khóa seo cho title',
  `seo_description` varchar(255) DEFAULT NULL COMMENT 'Từ khóa seo cho phần mô tả',
  `seo_keywords` varchar(255) DEFAULT NULL COMMENT 'Các từ khóa seo',
  `created_at` timestamp NOT NULL DEFAULT current_timestamp() COMMENT 'Ngày tạo',
  `updated_at` datetime DEFAULT NULL COMMENT 'Ngày cập nhật cuối'
) ENGINE=InnoDB DEFAULT CHARSET=utf8;

-- --------------------------------------------------------

--
-- Table structure for table `orders`
--

CREATE TABLE `orders` (
  `id` int(11) NOT NULL,
  `user_id` int(11) DEFAULT NULL COMMENT 'Id của user trong trường hợp đã login và đặt hàng, là khóa ngoại liên kết với bảng users',
  `fullname` varchar(255) DEFAULT NULL COMMENT 'Tên khách hàng',
  `address` varchar(255) DEFAULT NULL COMMENT 'Địa chỉ khách hàng',
  `mobile` int(11) DEFAULT NULL COMMENT 'SĐT khách hàng',
  `email` varchar(255) DEFAULT NULL COMMENT 'Email khách hàng',
  `note` text DEFAULT NULL COMMENT 'Ghi chú từ khách hàng',
  `price_total` int(11) DEFAULT NULL COMMENT 'Tổng giá trị đơn hàng',
  `payment_status` tinyint(2) DEFAULT NULL COMMENT 'Trạng thái đơn hàng: 0 - Chưa thành toán, 1 - Đã thành toán',
  `created_at` timestamp NOT NULL DEFAULT current_timestamp() COMMENT 'Ngày tạo đơn',
  `updated_at` datetime DEFAULT NULL COMMENT 'Ngày cập nhật cuối'
) ENGINE=InnoDB DEFAULT CHARSET=utf8;

--
-- Dumping data for table `orders`
--

INSERT INTO `orders` (`id`, `user_id`, `fullname`, `address`, `mobile`, `email`, `note`, `price_total`, `payment_status`, `created_at`, `updated_at`) VALUES
(1, NULL, 'Mạnh Viết', 'N/A', 987599921, 'nguyenvietmanhit@gmail.com', '', 9000, 0, '2020-09-19 06:12:04', NULL),
(2, NULL, 'Mạnh Viết', 'N/A', 987599921, 'nguyenvietmanhit@gmail.com', 'dsaads', 4500, 0, '2020-09-19 06:13:13', NULL),
(3, NULL, 'Mạnh Viết', 'N/A', 987599921, 'nguyenvietmanhit@gmail.com', 'dsaads', 4500, 0, '2020-09-19 06:13:57', NULL),
(4, NULL, 'Mạnh Viết', 'N/A', 987599921, 'nguyenvietmanhit@gmail.com', 'dsaads', 4500, 0, '2020-09-19 06:14:38', NULL);

-- --------------------------------------------------------

--
-- Table structure for table `order_details`
--

CREATE TABLE `order_details` (
  `order_id` int(11) DEFAULT NULL COMMENT 'Id của order tương ứng, là khóa ngoại liên kết với bảng orders',
  `product_id` int(11) DEFAULT NULL COMMENT 'Id của product tương ứng, là khóa ngoại liên kết với bảng products',
  `quantity` int(11) DEFAULT NULL COMMENT 'Số sản phẩm đã đặt'
) ENGINE=InnoDB DEFAULT CHARSET=utf8;

--
-- Dumping data for table `order_details`
--

INSERT INTO `order_details` (`order_id`, `product_id`, `quantity`) VALUES
(1, 2, 3),
(2, 1, 1),
(2, 2, 1),
(3, 1, 1),
(3, 2, 1),
(4, 1, 1),
(4, 2, 1);

-- --------------------------------------------------------

--
-- Table structure for table `products`
--

CREATE TABLE `products` (
  `id` int(11) NOT NULL,
  `category_id` int(11) DEFAULT NULL COMMENT 'Id của danh mục mà sản phẩm thuộc về, là khóa ngoại liên kết với bảng categories',
  `title` varchar(255) DEFAULT NULL COMMENT 'Tên sản phẩm',
  `avatar` varchar(255) DEFAULT NULL COMMENT 'Tên file ảnh sản phẩm',
  `price` int(11) DEFAULT NULL COMMENT 'Giá sản phẩm',
  `amount` int(11) DEFAULT NULL COMMENT 'Số lượng sản phẩm trong kho',
  `summary` varchar(255) DEFAULT NULL COMMENT 'Mô tả ngắn cho sản phẩm',
  `content` text DEFAULT NULL COMMENT 'Mô tả chi tiết cho sản phẩm',
  `status` tinyint(3) DEFAULT 0 COMMENT 'Trạng thái danh mục: 0 - Inactive, 1 - Active',
  `seo_title` varchar(255) DEFAULT NULL COMMENT 'Từ khóa seo cho title',
  `seo_description` varchar(255) DEFAULT NULL COMMENT 'Từ khóa seo cho phần mô tả',
  `seo_keywords` varchar(255) DEFAULT NULL COMMENT 'Các từ khóa seo',
  `created_at` timestamp NOT NULL DEFAULT current_timestamp() COMMENT 'Ngày tạo',
  `updated_at` datetime DEFAULT NULL COMMENT 'Ngày cập nhật cuối'
) ENGINE=InnoDB DEFAULT CHARSET=utf8;

--
-- Dumping data for table `products`
--

INSERT INTO `products` (`id`, `category_id`, `title`, `avatar`, `price`, `amount`, `summary`, `content`, `status`, `seo_title`, `seo_description`, `seo_keywords`, `created_at`, `updated_at`) VALUES
(1, 1, 'Tivi sam sung', '1599910210-product-tivi1.jpg', 1500, 4, 'd', '<p>d</p>\r\n', 1, '', '', '', '2020-09-12 04:51:48', '2020-09-12 18:30:10'),
(2, 1, 'Tivi Toshiba ', '1599910249-product-tivi2.jpg', 3000, 7, 'dsad', '<p>sdadas</p>\r\n', 1, '', '', '', '2020-09-12 04:52:10', '2020-09-12 18:30:49'),
(3, 1, '11', '1600573277-product-banner.jpg', 1, 1, '1', '<style type=\"text/css\">body {background: yellow}\r\n</style>\r\n<blockquote>\r\n<h1 style=\"color: red\">dsadads</h1>\r\n</blockquote>\r\n<!-- END CONTENT  --><!-- FOOTER -->\r\n\r\n<p>&nbsp;</p>\r\n', 1, '', '', '', '2020-09-20 03:41:17', '2020-09-20 10:44:58');

-- --------------------------------------------------------

--
-- Table structure for table `users`
--

CREATE TABLE `users` (
  `id` int(11) NOT NULL,
  `username` varchar(255) DEFAULT NULL COMMENT 'Tên đăng nhập',
  `password` varchar(255) DEFAULT NULL COMMENT 'Mật khẩu đăng nhập',
  `first_name` varchar(255) DEFAULT NULL COMMENT 'Fist name',
  `last_name` varchar(255) DEFAULT NULL COMMENT 'Last name',
  `phone` int(11) DEFAULT NULL COMMENT 'SĐT user',
  `address` varchar(255) DEFAULT NULL COMMENT 'Địa chỉ user',
  `email` varchar(255) DEFAULT NULL COMMENT 'Email của user',
  `avatar` varchar(255) DEFAULT NULL COMMENT 'File ảnh đại diện',
  `jobs` varchar(255) DEFAULT NULL COMMENT 'Nghề nghiệp',
  `last_login` datetime DEFAULT NULL COMMENT 'Lần đăng nhập gần đây nhất',
  `facebook` varchar(255) DEFAULT NULL COMMENT 'Link facebook',
  `status` tinyint(3) DEFAULT 0 COMMENT 'Trạng thái danh mục: 0 - Inactive, 1 - Active',
  `created_at` timestamp NOT NULL DEFAULT current_timestamp() COMMENT 'Ngày tạo',
  `updated_at` datetime DEFAULT NULL COMMENT 'Ngày cập nhật cuối'
) ENGINE=InnoDB DEFAULT CHARSET=utf8;

--
-- Dumping data for table `users`
--

INSERT INTO `users` (`id`, `username`, `password`, `first_name`, `last_name`, `phone`, `address`, `email`, `avatar`, `jobs`, `last_login`, `facebook`, `status`, `created_at`, `updated_at`) VALUES
(1, 'admin', 'c4ca4238a0b923820dcc509a6f75849b', NULL, NULL, NULL, NULL, NULL, NULL, NULL, NULL, NULL, 1, '2020-09-12 04:48:56', NULL);

--
-- Indexes for dumped tables
--

--
-- Indexes for table `categories`
--
ALTER TABLE `categories`
  ADD PRIMARY KEY (`id`);

--
-- Indexes for table `news`
--
ALTER TABLE `news`
  ADD PRIMARY KEY (`id`),
  ADD KEY `category_id` (`category_id`);

--
-- Indexes for table `orders`
--
ALTER TABLE `orders`
  ADD PRIMARY KEY (`id`),
  ADD KEY `user_id` (`user_id`);

--
-- Indexes for table `order_details`
--
ALTER TABLE `order_details`
  ADD KEY `order_id` (`order_id`),
  ADD KEY `product_id` (`product_id`);

--
-- Indexes for table `products`
--
ALTER TABLE `products`
  ADD PRIMARY KEY (`id`),
  ADD KEY `category_id` (`category_id`);

--
-- Indexes for table `users`
--
ALTER TABLE `users`
  ADD PRIMARY KEY (`id`);

--
-- AUTO_INCREMENT for dumped tables
--

--
-- AUTO_INCREMENT for table `categories`
--
ALTER TABLE `categories`
  MODIFY `id` int(11) NOT NULL AUTO_INCREMENT, AUTO_INCREMENT=4;

--
-- AUTO_INCREMENT for table `news`
--
ALTER TABLE `news`
  MODIFY `id` int(11) NOT NULL AUTO_INCREMENT;

--
-- AUTO_INCREMENT for table `orders`
--
ALTER TABLE `orders`
  MODIFY `id` int(11) NOT NULL AUTO_INCREMENT, AUTO_INCREMENT=5;

--
-- AUTO_INCREMENT for table `products`
--
ALTER TABLE `products`
  MODIFY `id` int(11) NOT NULL AUTO_INCREMENT, AUTO_INCREMENT=4;

--
-- AUTO_INCREMENT for table `users`
--
ALTER TABLE `users`
  MODIFY `id` int(11) NOT NULL AUTO_INCREMENT, AUTO_INCREMENT=2;

--
-- Constraints for dumped tables
--

--
-- Constraints for table `news`
--
ALTER TABLE `news`
  ADD CONSTRAINT `news_ibfk_1` FOREIGN KEY (`category_id`) REFERENCES `categories` (`id`);

--
-- Constraints for table `orders`
--
ALTER TABLE `orders`
  ADD CONSTRAINT `orders_ibfk_1` FOREIGN KEY (`user_id`) REFERENCES `users` (`id`);

--
-- Constraints for table `order_details`
--
ALTER TABLE `order_details`
  ADD CONSTRAINT `order_details_ibfk_1` FOREIGN KEY (`order_id`) REFERENCES `orders` (`id`),
  ADD CONSTRAINT `order_details_ibfk_2` FOREIGN KEY (`product_id`) REFERENCES `products` (`id`);

--
-- Constraints for table `products`
--
ALTER TABLE `products`
  ADD CONSTRAINT `products_ibfk_1` FOREIGN KEY (`category_id`) REFERENCES `categories` (`id`);
COMMIT;

/*!40101 SET CHARACTER_SET_CLIENT=@OLD_CHARACTER_SET_CLIENT */;
/*!40101 SET CHARACTER_SET_RESULTS=@OLD_CHARACTER_SET_RESULTS */;
/*!40101 SET COLLATION_CONNECTION=@OLD_COLLATION_CONNECTION */;
